{"matrix": [[0, 0, 0, 0, 0, 0, 1, 0, 0, 1], [0, 0, 0, 0, 0, 0, 0, 0, 0, 0], [0, 0, 1, 0, 1, 0, 0, 0, 0, 0], [0, 0, 0, 0, 0, 0, 0, 1, 1, 1], [0, 0, 1, 0, 0, 1, 0, 0, 0, 0], [0, 0, 0, 0, 1, 1, 1, 0, 0, 0], [1, 0, 0, 0, 0, 1, 0, 0, 1, 0], [0, 0, 0, 1, 0, 0, 0, 1, 0, 0], [0, 0, 0, 1, 0, 0, 1, 0, 0, 0], [1, 0, 0, 1, 0, 0, 0, 0, 0, 1]], "information": {"nodes": [3, 8, 4, 9, 2, 6, 0, 1, 5, 7], "name": "random", "MI": 0.48088410991636793, "LA": 0.6727272727272727, "PR": 0.4, "BW": 0.09999999999999998, "MDL": 0.5263157894736843}}