{"matrix": [[0, 0, 0, 0, 0, 0, 0, 1, 0, 1], [0, 0, 0, 1, 0, 1, 0, 0, 1, 0], [0, 0, 0, 0, 0, 0, 0, 1, 0, 1], [0, 1, 0, 1, 0, 0, 0, 0, 0, 1], [0, 0, 0, 0, 0, 1, 1, 0, 1, 0], [0, 1, 0, 0, 1, 0, 0, 0, 0, 0], [0, 0, 0, 0, 1, 0, 1, 1, 0, 0], [1, 0, 1, 0, 0, 0, 1, 0, 0, 0], [0, 1, 0, 0, 1, 0, 0, 0, 0, 0], [1, 0, 1, 1, 0, 0, 0, 0, 0, 0]], "information": {"nodes": [3, 8, 4, 9, 2, 6, 0, 1, 5, 7], "name": "random", "MI": 0.40269559500328733, "LA": 0.5769230769230769, "PR": 0.3111111111111111, "BW": 0.09999999999999998, "MDL": 0.7272727272727273}}