{"matrix": [[1, 0, 0, 0, 1, 0, 1, 1, 0, 0], [0, 1, 0, 0, 0, 0, 0, 0, 0, 1], [0, 0, 1, 0, 0, 1, 0, 0, 1, 0], [0, 0, 0, 1, 0, 0, 0, 0, 0, 0], [1, 0, 0, 0, 1, 0, 1, 1, 0, 0], [0, 0, 1, 0, 0, 1, 0, 0, 1, 0], [1, 0, 0, 0, 1, 0, 1, 1, 0, 0], [1, 0, 0, 0, 1, 0, 1, 1, 0, 0], [0, 0, 1, 0, 0, 1, 0, 0, 1, 0], [0, 1, 0, 0, 0, 0, 0, 0, 0, 1]], "information": {"nodes": [3, 8, 4, 9, 2, 6, 0, 1, 5, 7], "name": "random", "MI": 0.3939393939393938, "LA": 0.7133333333333334, "PR": 0.24444444444444446, "BW": 0.19999999999999996, "MDL": 0.35}}