{"matrix": [[0, 1, 0, 1, 0, 1, 0, 0, 0, 1], [1, 0, 0, 0, 1, 0, 1, 1, 0, 0], [0, 0, 0, 0, 0, 0, 0, 0, 0, 0], [1, 0, 0, 0, 1, 0, 1, 1, 0, 0], [0, 1, 0, 1, 0, 1, 0, 0, 0, 1], [1, 0, 0, 0, 1, 0, 1, 1, 0, 0], [0, 1, 0, 1, 0, 1, 0, 0, 0, 1], [0, 1, 0, 1, 0, 1, 0, 0, 0, 1], [0, 0, 0, 0, 0, 0, 0, 0, 0, 0], [1, 0, 0, 0, 1, 0, 1, 1, 0, 0]], "information": {"nodes": [3, 8, 4, 9, 2, 6, 0, 1, 5, 7], "name": "random", "MI": 0.42692939244663386, "LA": 0.6625, "PR": 0.28888888888888886, "BW": 0.09999999999999998, "MDL": 0.5384615384615384}}